name,seq,Plod,Condtion,Answer,Corr,Time
Daria_25_07_2022,1,Ackee,14,1,1,23185
Daria_25_07_2022,1,Ackee,14,2,7,23185
Daria_25_07_2022,1,Ackee,14,1,1,23185
Daria_25_07_2022,1,Ackee,14,5,7,23185
Daria_25_07_2022,1,Ackee,14,1,1,23185
Daria_25_07_2022,1,Ackee,14,1,1,23185
Daria_25_07_2022,1,Ackee,14,6,7,23185
Daria_25_07_2022,1,Gac,17,2,7,23359
Daria_25_07_2022,1,Gac,17,1,7,23359
Daria_25_07_2022,1,Gac,17,1,7,23359
Daria_25_07_2022,1,Gac,17,2,1,23359
Daria_25_07_2022,1,Gac,17,1,1,23359
Daria_25_07_2022,1,Gac,17,1,1,23359
Daria_25_07_2022,1,Gac,17,2,1,23359
Daria_25_07_2022,1,ZF,17,1,7,16065
Daria_25_07_2022,1,ZF,17,1,1,16065
Daria_25_07_2022,1,ZF,17,5,7,16065
Daria_25_07_2022,1,ZF,17,1,1,16065
Daria_25_07_2022,1,ZF,17,3,1,16065
Daria_25_07_2022,1,ZF,17,1,7,16065
Daria_25_07_2022,1,ZF,17,1,1,16065
Daria_25_07_2022,1,Noni,14,1,1,23671
Daria_25_07_2022,1,Noni,14,1,1,23671
Daria_25_07_2022,1,Noni,14,2,7,23671
Daria_25_07_2022,1,Noni,14,2,1,23671
Daria_25_07_2022,1,Noni,14,1,1,23671
Daria_25_07_2022,1,Noni,14,6,7,23671
Daria_25_07_2022,1,Noni,14,1,7,23671
Daria_25_07_2022,1,Sapota,15,1,7,27559
Daria_25_07_2022,1,Sapota,15,1,1,27559
Daria_25_07_2022,1,Sapota,15,1,1,27559
Daria_25_07_2022,1,Sapota,15,1,1,27559
Daria_25_07_2022,1,Sapota,15,7,1,27559
Daria_25_07_2022,1,Sapota,15,5,7,27559
Daria_25_07_2022,1,Sapota,15,7,7,27559
Daria_25_07_2022,1,Tamanid,16,1,7,32040
Daria_25_07_2022,1,Tamanid,16,2,1,32040
Daria_25_07_2022,1,Tamanid,16,3,7,32040
Daria_25_07_2022,1,Tamanid,16,6,1,32040
Daria_25_07_2022,1,Tamanid,16,7,7,32040
Daria_25_07_2022,1,Tamanid,16,1,1,32040
Daria_25_07_2022,1,Tamanid,16,1,1,32040
Daria_25_07_2022,1,Ake,15,1,1,37305
Daria_25_07_2022,1,Ake,15,1,1,37305
Daria_25_07_2022,1,Ake,15,3,1,37305
Daria_25_07_2022,1,Ake,15,1,1,37305
Daria_25_07_2022,1,Ake,15,6,7,37305
Daria_25_07_2022,1,Ake,15,2,7,37305
Daria_25_07_2022,1,Ake,15,3,7,37305
Daria_25_07_2022,1,Finger,16,1,1,32287
Daria_25_07_2022,1,Finger,16,6,7,32287
Daria_25_07_2022,1,Finger,16,4,7,32287
Daria_25_07_2022,1,Finger,16,1,1,32287
Daria_25_07_2022,1,Finger,16,1,1,32287
Daria_25_07_2022,1,Finger,16,1,1,32287
Daria_25_07_2022,1,Finger,16,7,7,32287
Maria_25_07_2022,2,Ackee,15,6,1,35440
Maria_25_07_2022,2,Ackee,15,4,7,35440
Maria_25_07_2022,2,Ackee,15,3,1,35440
Maria_25_07_2022,2,Ackee,15,5,7,35440
Maria_25_07_2022,2,Ackee,15,2,1,35440
Maria_25_07_2022,2,Ackee,15,1,1,35440
Maria_25_07_2022,2,Ackee,15,7,7,35440
Maria_25_07_2022,2,Gac,14,1,7,27312
Maria_25_07_2022,2,Gac,14,7,7,27312
Maria_25_07_2022,2,Gac,14,7,7,27312
Maria_25_07_2022,2,Gac,14,7,1,27312
Maria_25_07_2022,2,Gac,14,1,1,27312
Maria_25_07_2022,2,Gac,14,1,1,27312
Maria_25_07_2022,2,Gac,14,1,1,27312
Maria_25_07_2022,2,ZF,14,7,7,34216
Maria_25_07_2022,2,ZF,14,4,1,34216
Maria_25_07_2022,2,ZF,14,5,7,34216
Maria_25_07_2022,2,ZF,14,1,1,34216
Maria_25_07_2022,2,ZF,14,3,1,34216
Maria_25_07_2022,2,ZF,14,7,7,34216
Maria_25_07_2022,2,ZF,14,7,1,34216
Maria_25_07_2022,2,Noni,15,7,1,58032
Maria_25_07_2022,2,Noni,15,1,1,58032
Maria_25_07_2022,2,Noni,15,7,7,58032
Maria_25_07_2022,2,Noni,15,5,1,58032
Maria_25_07_2022,2,Noni,15,3,1,58032
Maria_25_07_2022,2,Noni,15,7,7,58032
Maria_25_07_2022,2,Noni,15,7,7,58032
Maria_25_07_2022,2,Sapota,16,7,7,29968
Maria_25_07_2022,2,Sapota,16,4,1,29968
Maria_25_07_2022,2,Sapota,16,4,1,29968
Maria_25_07_2022,2,Sapota,16,1,1,29968
Maria_25_07_2022,2,Sapota,16,1,1,29968
Maria_25_07_2022,2,Sapota,16,7,7,29968
Maria_25_07_2022,2,Sapota,16,7,7,29968
Maria_25_07_2022,2,Tamanid,17,5,7,27463
Maria_25_07_2022,2,Tamanid,17,2,1,27463
Maria_25_07_2022,2,Tamanid,17,3,7,27463
Maria_25_07_2022,2,Tamanid,17,5,1,27463
Maria_25_07_2022,2,Tamanid,17,7,7,27463
Maria_25_07_2022,2,Tamanid,17,1,1,27463
Maria_25_07_2022,2,Tamanid,17,1,1,27463
Maria_25_07_2022,2,Ake,16,5,1,32520
Maria_25_07_2022,2,Ake,16,1,1,32520
Maria_25_07_2022,2,Ake,16,6,1,32520
Maria_25_07_2022,2,Ake,16,5,1,32520
Maria_25_07_2022,2,Ake,16,7,7,32520
Maria_25_07_2022,2,Ake,16,6,7,32520
Maria_25_07_2022,2,Ake,16,1,7,32520
Maria_25_07_2022,2,Finger,17,1,1,52641
Maria_25_07_2022,2,Finger,17,7,7,52641
Maria_25_07_2022,2,Finger,17,6,7,52641
Maria_25_07_2022,2,Finger,17,1,1,52641
Maria_25_07_2022,2,Finger,17,1,1,52641
Maria_25_07_2022,2,Finger,17,5,1,52641
Maria_25_07_2022,2,Finger,17,7,7,52641
Polina_26_07_2022,3,Ackee,15,3,1,44633
Polina_26_07_2022,3,Ackee,15,2,7,44633
Polina_26_07_2022,3,Ackee,15,1,1,44633
Polina_26_07_2022,3,Ackee,15,6,7,44633
Polina_26_07_2022,3,Ackee,15,5,1,44633
Polina_26_07_2022,3,Ackee,15,1,1,44633
Polina_26_07_2022,3,Ackee,15,7,7,44633
Polina_26_07_2022,3,Gac,14,7,7,52054
Polina_26_07_2022,3,Gac,14,3,7,52054
Polina_26_07_2022,3,Gac,14,3,7,52054
Polina_26_07_2022,3,Gac,14,1,1,52054
Polina_26_07_2022,3,Gac,14,1,1,52054
Polina_26_07_2022,3,Gac,14,2,1,52054
Polina_26_07_2022,3,Gac,14,3,1,52054
Polina_26_07_2022,3,ZF,14,6,7,33896
Polina_26_07_2022,3,ZF,14,1,1,33896
Polina_26_07_2022,3,ZF,14,2,7,33896
Polina_26_07_2022,3,ZF,14,4,1,33896
Polina_26_07_2022,3,ZF,14,1,1,33896
Polina_26_07_2022,3,ZF,14,7,7,33896
Polina_26_07_2022,3,ZF,14,6,1,33896
Polina_26_07_2022,3,Noni,15,7,1,48024
Polina_26_07_2022,3,Noni,15,1,1,48024
Polina_26_07_2022,3,Noni,15,2,7,48024
Polina_26_07_2022,3,Noni,15,3,1,48024
Polina_26_07_2022,3,Noni,15,4,1,48024
Polina_26_07_2022,3,Noni,15,4,7,48024
Polina_26_07_2022,3,Noni,15,5,7,48024
Polina_26_07_2022,3,Sapota,16,7,7,24272
Polina_26_07_2022,3,Sapota,16,1,1,24272
Polina_26_07_2022,3,Sapota,16,3,1,24272
Polina_26_07_2022,3,Sapota,16,1,1,24272
Polina_26_07_2022,3,Sapota,16,1,1,24272
Polina_26_07_2022,3,Sapota,16,6,7,24272
Polina_26_07_2022,3,Sapota,16,6,7,24272
Polina_26_07_2022,3,Tamanid,17,6,7,53216
Polina_26_07_2022,3,Tamanid,17,5,1,53216
Polina_26_07_2022,3,Tamanid,17,6,7,53216
Polina_26_07_2022,3,Tamanid,17,2,1,53216
Polina_26_07_2022,3,Tamanid,17,7,7,53216
Polina_26_07_2022,3,Tamanid,17,2,1,53216
Polina_26_07_2022,3,Tamanid,17,1,1,53216
Polina_26_07_2022,3,Ake,16,2,1,49784
Polina_26_07_2022,3,Ake,16,4,1,49784
Polina_26_07_2022,3,Ake,16,1,1,49784
Polina_26_07_2022,3,Ake,16,4,1,49784
Polina_26_07_2022,3,Ake,16,7,7,49784
Polina_26_07_2022,3,Ake,16,1,7,49784
Polina_26_07_2022,3,Ake,16,5,7,49784
Polina_26_07_2022,3,Finger,17,2,1,53816
Polina_26_07_2022,3,Finger,17,6,7,53816
Polina_26_07_2022,3,Finger,17,6,7,53816
Polina_26_07_2022,3,Finger,17,1,1,53816
Polina_26_07_2022,3,Finger,17,1,1,53816
Polina_26_07_2022,3,Finger,17,1,1,53816
Polina_26_07_2022,3,Finger,17,7,7,53816
Daniil_26_07_2022,3,Ackee,15,1,1,26232
Daniil_26_07_2022,3,Ackee,15,1,7,26232
Daniil_26_07_2022,3,Ackee,15,2,1,26232
Daniil_26_07_2022,3,Ackee,15,5,7,26232
Daniil_26_07_2022,3,Ackee,15,7,1,26232
Daniil_26_07_2022,3,Ackee,15,1,1,26232
Daniil_26_07_2022,3,Ackee,15,5,7,26232
Daniil_26_07_2022,3,Gac,14,7,7,46136
Daniil_26_07_2022,3,Gac,14,5,7,46136
Daniil_26_07_2022,3,Gac,14,5,7,46136
Daniil_26_07_2022,3,Gac,14,1,1,46136
Daniil_26_07_2022,3,Gac,14,2,1,46136
Daniil_26_07_2022,3,Gac,14,2,1,46136
Daniil_26_07_2022,3,Gac,14,2,1,46136
Daniil_26_07_2022,3,ZF,14,1,7,46031
Daniil_26_07_2022,3,ZF,14,7,1,46031
Daniil_26_07_2022,3,ZF,14,6,7,46031
Daniil_26_07_2022,3,ZF,14,1,1,46031
Daniil_26_07_2022,3,ZF,14,3,1,46031
Daniil_26_07_2022,3,ZF,14,5,7,46031
Daniil_26_07_2022,3,ZF,14,1,1,46031
Daniil_26_07_2022,3,Noni,15,1,1,15440
Daniil_26_07_2022,3,Noni,15,1,1,15440
Daniil_26_07_2022,3,Noni,15,1,7,15440
Daniil_26_07_2022,3,Noni,15,3,1,15440
Daniil_26_07_2022,3,Noni,15,2,1,15440
Daniil_26_07_2022,3,Noni,15,2,7,15440
Daniil_26_07_2022,3,Noni,15,2,7,15440
Daniil_26_07_2022,3,Sapota,16,1,7,35496
Daniil_26_07_2022,3,Sapota,16,1,1,35496
Daniil_26_07_2022,3,Sapota,16,2,1,35496
Daniil_26_07_2022,3,Sapota,16,2,1,35496
Daniil_26_07_2022,3,Sapota,16,1,1,35496
Daniil_26_07_2022,3,Sapota,16,1,7,35496
Daniil_26_07_2022,3,Sapota,16,7,7,35496
Daniil_26_07_2022,3,Tamanid,17,1,7,42104
Daniil_26_07_2022,3,Tamanid,17,1,1,42104
Daniil_26_07_2022,3,Tamanid,17,1,7,42104
Daniil_26_07_2022,3,Tamanid,17,7,1,42104
Daniil_26_07_2022,3,Tamanid,17,7,7,42104
Daniil_26_07_2022,3,Tamanid,17,2,1,42104
Daniil_26_07_2022,3,Tamanid,17,2,1,42104
Daniil_26_07_2022,3,Ake,16,1,1,24008
Daniil_26_07_2022,3,Ake,16,1,1,24008
Daniil_26_07_2022,3,Ake,16,7,1,24008
Daniil_26_07_2022,3,Ake,16,6,1,24008
Daniil_26_07_2022,3,Ake,16,7,7,24008
Daniil_26_07_2022,3,Ake,16,7,7,24008
Daniil_26_07_2022,3,Ake,16,1,7,24008
Daniil_26_07_2022,3,Finger,17,1,1,25880
Daniil_26_07_2022,3,Finger,17,1,7,25880
Daniil_26_07_2022,3,Finger,17,7,7,25880
Daniil_26_07_2022,3,Finger,17,7,1,25880
Daniil_26_07_2022,3,Finger,17,1,1,25880
Daniil_26_07_2022,3,Finger,17,1,1,25880
Daniil_26_07_2022,3,Finger,17,7,7,25880
Anastasia_26_07_2022,4,Ackee,16,2,1,38760
Anastasia_26_07_2022,4,Ackee,16,4,7,38760
Anastasia_26_07_2022,4,Ackee,16,2,1,38760
Anastasia_26_07_2022,4,Ackee,16,5,7,38760
Anastasia_26_07_2022,4,Ackee,16,2,1,38760
Anastasia_26_07_2022,4,Ackee,16,1,1,38760
Anastasia_26_07_2022,4,Ackee,16,5,7,38760
Anastasia_26_07_2022,4,Gac,15,6,7,39248
Anastasia_26_07_2022,4,Gac,15,4,7,39248
Anastasia_26_07_2022,4,Gac,15,2,7,39248
Anastasia_26_07_2022,4,Gac,15,1,1,39248
Anastasia_26_07_2022,4,Gac,15,2,1,39248
Anastasia_26_07_2022,4,Gac,15,2,1,39248
Anastasia_26_07_2022,4,Gac,15,4,1,39248
Anastasia_26_07_2022,4,ZF,15,6,7,35768
Anastasia_26_07_2022,4,ZF,15,2,1,35768
Anastasia_26_07_2022,4,ZF,15,1,7,35768
Anastasia_26_07_2022,4,ZF,15,1,1,35768
Anastasia_26_07_2022,4,ZF,15,1,1,35768
Anastasia_26_07_2022,4,ZF,15,6,7,35768
Anastasia_26_07_2022,4,ZF,15,2,1,35768
Anastasia_26_07_2022,4,Noni,16,1,1,44392
Anastasia_26_07_2022,4,Noni,16,1,1,44392
Anastasia_26_07_2022,4,Noni,16,5,7,44392
Anastasia_26_07_2022,4,Noni,16,2,1,44392
Anastasia_26_07_2022,4,Noni,16,2,1,44392
Anastasia_26_07_2022,4,Noni,16,2,7,44392
Anastasia_26_07_2022,4,Noni,16,4,7,44392
Anastasia_26_07_2022,4,Sapota,17,2,7,42880
Anastasia_26_07_2022,4,Sapota,17,1,1,42880
Anastasia_26_07_2022,4,Sapota,17,5,1,42880
Anastasia_26_07_2022,4,Sapota,17,4,1,42880
Anastasia_26_07_2022,4,Sapota,17,3,1,42880
Anastasia_26_07_2022,4,Sapota,17,2,7,42880
Anastasia_26_07_2022,4,Sapota,17,2,7,42880
Anastasia_26_07_2022,4,Tamanid,14,3,7,27928
Anastasia_26_07_2022,4,Tamanid,14,1,1,27928
Anastasia_26_07_2022,4,Tamanid,14,4,7,27928
Anastasia_26_07_2022,4,Tamanid,14,4,1,27928
Anastasia_26_07_2022,4,Tamanid,14,3,7,27928
Anastasia_26_07_2022,4,Tamanid,14,1,1,27928
Anastasia_26_07_2022,4,Tamanid,14,1,1,27928
Anastasia_26_07_2022,4,Ake,17,1,1,24072
Anastasia_26_07_2022,4,Ake,17,1,1,24072
Anastasia_26_07_2022,4,Ake,17,5,1,24072
Anastasia_26_07_2022,4,Ake,17,1,1,24072
Anastasia_26_07_2022,4,Ake,17,3,7,24072
Anastasia_26_07_2022,4,Ake,17,6,7,24072
Anastasia_26_07_2022,4,Ake,17,1,7,24072
Anastasia_26_07_2022,4,Finger,14,4,1,37791
Anastasia_26_07_2022,4,Finger,14,2,7,37791
Anastasia_26_07_2022,4,Finger,14,2,7,37791
Anastasia_26_07_2022,4,Finger,14,5,1,37791
Anastasia_26_07_2022,4,Finger,14,1,1,37791
Anastasia_26_07_2022,4,Finger,14,5,1,37791
Anastasia_26_07_2022,4,Finger,14,4,7,37791
Polyna_26_07_2022,5,Ackee,16,3,1,50368
Polyna_26_07_2022,5,Ackee,16,3,7,50368
Polyna_26_07_2022,5,Ackee,16,1,1,50368
Polyna_26_07_2022,5,Ackee,16,3,7,50368
Polyna_26_07_2022,5,Ackee,16,1,1,50368
Polyna_26_07_2022,5,Ackee,16,1,1,50368
Polyna_26_07_2022,5,Ackee,16,6,7,50368
Polyna_26_07_2022,5,Gac,15,7,7,44216
Polyna_26_07_2022,5,Gac,15,5,7,44216
Polyna_26_07_2022,5,Gac,15,5,7,44216
Polyna_26_07_2022,5,Gac,15,1,1,44216
Polyna_26_07_2022,5,Gac,15,1,1,44216
Polyna_26_07_2022,5,Gac,15,1,1,44216
Polyna_26_07_2022,5,Gac,15,1,1,44216
Polyna_26_07_2022,5,ZF,15,7,7,27904
Polyna_26_07_2022,5,ZF,15,1,1,27904
Polyna_26_07_2022,5,ZF,15,2,7,27904
Polyna_26_07_2022,5,ZF,15,1,1,27904
Polyna_26_07_2022,5,ZF,15,1,1,27904
Polyna_26_07_2022,5,ZF,15,5,7,27904
Polyna_26_07_2022,5,ZF,15,1,1,27904
Polyna_26_07_2022,5,Noni,16,1,1,49527
Polyna_26_07_2022,5,Noni,16,1,1,49527
Polyna_26_07_2022,5,Noni,16,7,7,49527
Polyna_26_07_2022,5,Noni,16,4,1,49527
Polyna_26_07_2022,5,Noni,16,1,1,49527
Polyna_26_07_2022,5,Noni,16,1,7,49527
Polyna_26_07_2022,5,Noni,16,6,7,49527
Polyna_26_07_2022,5,Sapota,17,5,7,35808
Polyna_26_07_2022,5,Sapota,17,1,1,35808
Polyna_26_07_2022,5,Sapota,17,1,1,35808
Polyna_26_07_2022,5,Sapota,17,1,1,35808
Polyna_26_07_2022,5,Sapota,17,1,1,35808
Polyna_26_07_2022,5,Sapota,17,2,7,35808
Polyna_26_07_2022,5,Sapota,17,7,7,35808
Polyna_26_07_2022,5,Tamanid,14,7,7,65960
Polyna_26_07_2022,5,Tamanid,14,1,1,65960
Polyna_26_07_2022,5,Tamanid,14,6,7,65960
Polyna_26_07_2022,5,Tamanid,14,3,1,65960
Polyna_26_07_2022,5,Tamanid,14,7,7,65960
Polyna_26_07_2022,5,Tamanid,14,1,1,65960
Polyna_26_07_2022,5,Tamanid,14,1,1,65960
Polyna_26_07_2022,5,Ake,17,1,1,47440
Polyna_26_07_2022,5,Ake,17,1,1,47440
Polyna_26_07_2022,5,Ake,17,3,1,47440
Polyna_26_07_2022,5,Ake,17,1,1,47440
Polyna_26_07_2022,5,Ake,17,7,7,47440
Polyna_26_07_2022,5,Ake,17,7,7,47440
Polyna_26_07_2022,5,Ake,17,4,7,47440
Polyna_26_07_2022,5,Finger,14,1,1,41240
Polyna_26_07_2022,5,Finger,14,7,7,41240
Polyna_26_07_2022,5,Finger,14,6,7,41240
Polyna_26_07_2022,5,Finger,14,7,1,41240
Polyna_26_07_2022,5,Finger,14,1,1,41240
Polyna_26_07_2022,5,Finger,14,1,1,41240
Polyna_26_07_2022,5,Finger,14,1,7,41240
Maria_27_07_2022,6,Ackee,17,2,1,46816
Maria_27_07_2022,6,Ackee,17,6,7,46816
Maria_27_07_2022,6,Ackee,17,1,1,46816
Maria_27_07_2022,6,Ackee,17,3,7,46816
Maria_27_07_2022,6,Ackee,17,1,1,46816
Maria_27_07_2022,6,Ackee,17,1,1,46816
Maria_27_07_2022,6,Ackee,17,6,7,46816
Maria_27_07_2022,6,Gac,16,1,7,83463
Maria_27_07_2022,6,Gac,16,3,7,83463
Maria_27_07_2022,6,Gac,16,2,7,83463
Maria_27_07_2022,6,Gac,16,3,1,83463
Maria_27_07_2022,6,Gac,16,1,1,83463
Maria_27_07_2022,6,Gac,16,3,1,83463
Maria_27_07_2022,6,Gac,16,4,1,83463
Maria_27_07_2022,6,ZF,16,7,7,32704
Maria_27_07_2022,6,ZF,16,1,1,32704
Maria_27_07_2022,6,ZF,16,2,7,32704
Maria_27_07_2022,6,ZF,16,2,1,32704
Maria_27_07_2022,6,ZF,16,1,1,32704
Maria_27_07_2022,6,ZF,16,6,7,32704
Maria_27_07_2022,6,ZF,16,1,1,32704
Maria_27_07_2022,6,Noni,17,1,1,56729
Maria_27_07_2022,6,Noni,17,1,1,56729
Maria_27_07_2022,6,Noni,17,2,7,56729
Maria_27_07_2022,6,Noni,17,3,1,56729
Maria_27_07_2022,6,Noni,17,1,1,56729
Maria_27_07_2022,6,Noni,17,2,7,56729
Maria_27_07_2022,6,Noni,17,3,7,56729
Maria_27_07_2022,6,Sapota,14,2,7,57567
Maria_27_07_2022,6,Sapota,14,1,1,57567
Maria_27_07_2022,6,Sapota,14,1,1,57567
Maria_27_07_2022,6,Sapota,14,1,1,57567
Maria_27_07_2022,6,Sapota,14,1,1,57567
Maria_27_07_2022,6,Sapota,14,5,7,57567
Maria_27_07_2022,6,Sapota,14,6,7,57567
Maria_27_07_2022,6,Tamanid,15,2,7,44968
Maria_27_07_2022,6,Tamanid,15,1,1,44968
Maria_27_07_2022,6,Tamanid,15,5,7,44968
Maria_27_07_2022,6,Tamanid,15,6,1,44968
Maria_27_07_2022,6,Tamanid,15,7,7,44968
Maria_27_07_2022,6,Tamanid,15,1,1,44968
Maria_27_07_2022,6,Tamanid,15,1,1,44968
Maria_27_07_2022,6,Ake,14,1,1,40191
Maria_27_07_2022,6,Ake,14,2,1,40191
Maria_27_07_2022,6,Ake,14,3,1,40191
Maria_27_07_2022,6,Ake,14,1,1,40191
Maria_27_07_2022,6,Ake,14,2,7,40191
Maria_27_07_2022,6,Ake,14,4,7,40191
Maria_27_07_2022,6,Ake,14,6,7,40191
Maria_27_07_2022,6,Finger,15,1,1,73273
Maria_27_07_2022,6,Finger,15,2,7,73273
Maria_27_07_2022,6,Finger,15,3,7,73273
Maria_27_07_2022,6,Finger,15,5,1,73273
Maria_27_07_2022,6,Finger,15,1,1,73273
Maria_27_07_2022,6,Finger,15,5,1,73273
Maria_27_07_2022,6,Finger,15,1,7,73273
Anastasia_27_07_2022,7,Ackee,17,3,1,47561
Anastasia_27_07_2022,7,Ackee,17,6,7,47561
Anastasia_27_07_2022,7,Ackee,17,1,1,47561
Anastasia_27_07_2022,7,Ackee,17,2,7,47561
Anastasia_27_07_2022,7,Ackee,17,1,1,47561
Anastasia_27_07_2022,7,Ackee,17,1,1,47561
Anastasia_27_07_2022,7,Ackee,17,7,7,47561
Anastasia_27_07_2022,7,Gac,16,1,7,56400
Anastasia_27_07_2022,7,Gac,16,2,7,56400
Anastasia_27_07_2022,7,Gac,16,4,7,56400
Anastasia_27_07_2022,7,Gac,16,7,1,56400
Anastasia_27_07_2022,7,Gac,16,2,1,56400
Anastasia_27_07_2022,7,Gac,16,2,1,56400
Anastasia_27_07_2022,7,Gac,16,2,1,56400
Anastasia_27_07_2022,7,ZF,16,7,7,25767
Anastasia_27_07_2022,7,ZF,16,1,1,25767
Anastasia_27_07_2022,7,ZF,16,7,7,25767
Anastasia_27_07_2022,7,ZF,16,1,1,25767
Anastasia_27_07_2022,7,ZF,16,1,1,25767
Anastasia_27_07_2022,7,ZF,16,7,7,25767
Anastasia_27_07_2022,7,ZF,16,1,1,25767
Anastasia_27_07_2022,7,Noni,17,5,1,32160
Anastasia_27_07_2022,7,Noni,17,1,1,32160
Anastasia_27_07_2022,7,Noni,17,6,7,32160
Anastasia_27_07_2022,7,Noni,17,3,1,32160
Anastasia_27_07_2022,7,Noni,17,1,1,32160
Anastasia_27_07_2022,7,Noni,17,6,7,32160
Anastasia_27_07_2022,7,Noni,17,6,7,32160
Anastasia_27_07_2022,7,Sapota,14,7,7,42120
Anastasia_27_07_2022,7,Sapota,14,5,1,42120
Anastasia_27_07_2022,7,Sapota,14,1,1,42120
Anastasia_27_07_2022,7,Sapota,14,1,1,42120
Anastasia_27_07_2022,7,Sapota,14,1,1,42120
Anastasia_27_07_2022,7,Sapota,14,5,7,42120
Anastasia_27_07_2022,7,Sapota,14,7,7,42120
Anastasia_27_07_2022,7,Tamanid,15,2,7,30312
Anastasia_27_07_2022,7,Tamanid,15,1,1,30312
Anastasia_27_07_2022,7,Tamanid,15,1,7,30312
Anastasia_27_07_2022,7,Tamanid,15,7,1,30312
Anastasia_27_07_2022,7,Tamanid,15,7,7,30312
Anastasia_27_07_2022,7,Tamanid,15,1,1,30312
Anastasia_27_07_2022,7,Tamanid,15,1,1,30312
Anastasia_27_07_2022,7,Ake,14,2,1,60624
Anastasia_27_07_2022,7,Ake,14,2,1,60624
Anastasia_27_07_2022,7,Ake,14,1,1,60624
Anastasia_27_07_2022,7,Ake,14,1,1,60624
Anastasia_27_07_2022,7,Ake,14,3,7,60624
Anastasia_27_07_2022,7,Ake,14,1,7,60624
Anastasia_27_07_2022,7,Ake,14,7,7,60624
Anastasia_27_07_2022,7,Finger,15,1,1,40392
Anastasia_27_07_2022,7,Finger,15,7,7,40392
Anastasia_27_07_2022,7,Finger,15,7,7,40392
Anastasia_27_07_2022,7,Finger,15,1,1,40392
Anastasia_27_07_2022,7,Finger,15,1,1,40392
Anastasia_27_07_2022,7,Finger,15,1,1,40392
Anastasia_27_07_2022,7,Finger,15,7,7,40392
Igor_27_07_2022,8,Ackee,14,6,1,40368
Igor_27_07_2022,8,Ackee,14,6,7,40368
Igor_27_07_2022,8,Ackee,14,1,1,40368
Igor_27_07_2022,8,Ackee,14,3,7,40368
Igor_27_07_2022,8,Ackee,14,2,1,40368
Igor_27_07_2022,8,Ackee,14,1,1,40368
Igor_27_07_2022,8,Ackee,14,4,7,40368
Igor_27_07_2022,8,Gac,17,7,7,36567
Igor_27_07_2022,8,Gac,17,1,7,36567
Igor_27_07_2022,8,Gac,17,3,7,36567
Igor_27_07_2022,8,Gac,17,7,1,36567
Igor_27_07_2022,8,Gac,17,1,1,36567
Igor_27_07_2022,8,Gac,17,1,1,36567
Igor_27_07_2022,8,Gac,17,3,1,36567
Igor_27_07_2022,8,ZF,17,1,7,36992
Igor_27_07_2022,8,ZF,17,3,1,36992
Igor_27_07_2022,8,ZF,17,3,7,36992
Igor_27_07_2022,8,ZF,17,1,1,36992
Igor_27_07_2022,8,ZF,17,1,1,36992
Igor_27_07_2022,8,ZF,17,4,7,36992
Igor_27_07_2022,8,ZF,17,5,1,36992
Igor_27_07_2022,8,Noni,14,2,1,33848
Igor_27_07_2022,8,Noni,14,1,1,33848
Igor_27_07_2022,8,Noni,14,4,7,33848
Igor_27_07_2022,8,Noni,14,3,1,33848
Igor_27_07_2022,8,Noni,14,2,1,33848
Igor_27_07_2022,8,Noni,14,5,7,33848
Igor_27_07_2022,8,Noni,14,1,7,33848
Igor_27_07_2022,8,Sapota,15,1,7,57216
Igor_27_07_2022,8,Sapota,15,3,1,57216
Igor_27_07_2022,8,Sapota,15,2,1,57216
Igor_27_07_2022,8,Sapota,15,4,1,57216
Igor_27_07_2022,8,Sapota,15,2,1,57216
Igor_27_07_2022,8,Sapota,15,1,7,57216
Igor_27_07_2022,8,Sapota,15,6,7,57216
Igor_27_07_2022,8,Tamanid,16,3,7,53832
Igor_27_07_2022,8,Tamanid,16,1,1,53832
Igor_27_07_2022,8,Tamanid,16,2,7,53832
Igor_27_07_2022,8,Tamanid,16,7,1,53832
Igor_27_07_2022,8,Tamanid,16,4,7,53832
Igor_27_07_2022,8,Tamanid,16,7,1,53832
Igor_27_07_2022,8,Tamanid,16,2,1,53832
Igor_27_07_2022,8,Ake,15,7,1,31056
Igor_27_07_2022,8,Ake,15,1,1,31056
Igor_27_07_2022,8,Ake,15,1,1,31056
Igor_27_07_2022,8,Ake,15,1,1,31056
Igor_27_07_2022,8,Ake,15,7,7,31056
Igor_27_07_2022,8,Ake,15,2,7,31056
Igor_27_07_2022,8,Ake,15,5,7,31056
Igor_27_07_2022,8,Finger,16,5,1,46543
Igor_27_07_2022,8,Finger,16,4,7,46543
Igor_27_07_2022,8,Finger,16,5,7,46543
Igor_27_07_2022,8,Finger,16,1,1,46543
Igor_27_07_2022,8,Finger,16,2,1,46543
Igor_27_07_2022,8,Finger,16,2,1,46543
Igor_27_07_2022,8,Finger,16,6,7,46543
Olga_27_07_2022,9,Ackee,14,2,1,26759
Olga_27_07_2022,9,Ackee,14,5,7,26759
Olga_27_07_2022,9,Ackee,14,2,1,26759
Olga_27_07_2022,9,Ackee,14,4,7,26759
Olga_27_07_2022,9,Ackee,14,1,1,26759
Olga_27_07_2022,9,Ackee,14,1,1,26759
Olga_27_07_2022,9,Ackee,14,6,7,26759
Olga_27_07_2022,9,Gac,17,7,7,24215
Olga_27_07_2022,9,Gac,17,3,7,24215
Olga_27_07_2022,9,Gac,17,1,7,24215
Olga_27_07_2022,9,Gac,17,1,1,24215
Olga_27_07_2022,9,Gac,17,1,1,24215
Olga_27_07_2022,9,Gac,17,4,1,24215
Olga_27_07_2022,9,Gac,17,7,1,24215
Olga_27_07_2022,9,ZF,17,7,7,24440
Olga_27_07_2022,9,ZF,17,1,1,24440
Olga_27_07_2022,9,ZF,17,5,7,24440
Olga_27_07_2022,9,ZF,17,1,1,24440
Olga_27_07_2022,9,ZF,17,1,1,24440
Olga_27_07_2022,9,ZF,17,5,7,24440
Olga_27_07_2022,9,ZF,17,2,1,24440
Olga_27_07_2022,9,Noni,14,1,1,31705
Olga_27_07_2022,9,Noni,14,1,1,31705
Olga_27_07_2022,9,Noni,14,1,7,31705
Olga_27_07_2022,9,Noni,14,1,1,31705
Olga_27_07_2022,9,Noni,14,1,1,31705
Olga_27_07_2022,9,Noni,14,4,7,31705
Olga_27_07_2022,9,Noni,14,5,7,31705
Olga_27_07_2022,9,Sapota,15,7,7,18552
Olga_27_07_2022,9,Sapota,15,1,1,18552
Olga_27_07_2022,9,Sapota,15,1,1,18552
Olga_27_07_2022,9,Sapota,15,1,1,18552
Olga_27_07_2022,9,Sapota,15,1,1,18552
Olga_27_07_2022,9,Sapota,15,5,7,18552
Olga_27_07_2022,9,Sapota,15,6,7,18552
Olga_27_07_2022,9,Tamanid,16,1,7,21016
Olga_27_07_2022,9,Tamanid,16,1,1,21016
Olga_27_07_2022,9,Tamanid,16,3,7,21016
Olga_27_07_2022,9,Tamanid,16,7,1,21016
Olga_27_07_2022,9,Tamanid,16,1,7,21016
Olga_27_07_2022,9,Tamanid,16,1,1,21016
Olga_27_07_2022,9,Tamanid,16,1,1,21016
Olga_27_07_2022,9,Ake,15,1,1,23055
Olga_27_07_2022,9,Ake,15,1,1,23055
Olga_27_07_2022,9,Ake,15,3,1,23055
Olga_27_07_2022,9,Ake,15,1,1,23055
Olga_27_07_2022,9,Ake,15,7,7,23055
Olga_27_07_2022,9,Ake,15,6,7,23055
Olga_27_07_2022,9,Ake,15,6,7,23055
Olga_27_07_2022,9,Finger,16,1,1,43193
Olga_27_07_2022,9,Finger,16,7,7,43193
Olga_27_07_2022,9,Finger,16,6,7,43193
Olga_27_07_2022,9,Finger,16,3,1,43193
Olga_27_07_2022,9,Finger,16,1,1,43193
Olga_27_07_2022,9,Finger,16,5,1,43193
Olga_27_07_2022,9,Finger,16,7,7,43193
Dmitry_28_07_22,10,Ackee,15,2,1,28798
Dmitry_28_07_22,10,Ackee,15,5,7,28798
Dmitry_28_07_22,10,Ackee,15,1,1,28798
Dmitry_28_07_22,10,Ackee,15,3,7,28798
Dmitry_28_07_22,10,Ackee,15,1,1,28798
Dmitry_28_07_22,10,Ackee,15,1,1,28798
Dmitry_28_07_22,10,Ackee,15,6,7,28798
Dmitry_28_07_22,10,Gac,14,4,7,27828
Dmitry_28_07_22,10,Gac,14,3,7,27828
Dmitry_28_07_22,10,Gac,14,1,7,27828
Dmitry_28_07_22,10,Gac,14,4,1,27828
Dmitry_28_07_22,10,Gac,14,4,1,27828
Dmitry_28_07_22,10,Gac,14,1,1,27828
Dmitry_28_07_22,10,Gac,14,6,1,27828
Dmitry_28_07_22,10,ZF,14,7,7,45080
Dmitry_28_07_22,10,ZF,14,6,1,45080
Dmitry_28_07_22,10,ZF,14,6,7,45080
Dmitry_28_07_22,10,ZF,14,1,1,45080
Dmitry_28_07_22,10,ZF,14,1,1,45080
Dmitry_28_07_22,10,ZF,14,5,7,45080
Dmitry_28_07_22,10,ZF,14,6,1,45080
Dmitry_28_07_22,10,Noni,15,5,1,26528
Dmitry_28_07_22,10,Noni,15,1,1,26528
Dmitry_28_07_22,10,Noni,15,6,7,26528
Dmitry_28_07_22,10,Noni,15,1,1,26528
Dmitry_28_07_22,10,Noni,15,1,1,26528
Dmitry_28_07_22,10,Noni,15,5,7,26528
Dmitry_28_07_22,10,Noni,15,6,7,26528
Dmitry_28_07_22,10,Sapota,16,7,7,26444
Dmitry_28_07_22,10,Sapota,16,1,1,26444
Dmitry_28_07_22,10,Sapota,16,3,1,26444
Dmitry_28_07_22,10,Sapota,16,1,1,26444
Dmitry_28_07_22,10,Sapota,16,1,1,26444
Dmitry_28_07_22,10,Sapota,16,6,7,26444
Dmitry_28_07_22,10,Sapota,16,6,7,26444
Dmitry_28_07_22,10,Tamanid,17,1,7,23189
Dmitry_28_07_22,10,Tamanid,17,1,1,23189
Dmitry_28_07_22,10,Tamanid,17,7,7,23189
Dmitry_28_07_22,10,Tamanid,17,4,1,23189
Dmitry_28_07_22,10,Tamanid,17,6,7,23189
Dmitry_28_07_22,10,Tamanid,17,1,1,23189
Dmitry_28_07_22,10,Tamanid,17,1,1,23189
Dmitry_28_07_22,10,Ake,16,1,1,18480
Dmitry_28_07_22,10,Ake,16,6,1,18480
Dmitry_28_07_22,10,Ake,16,1,1,18480
Dmitry_28_07_22,10,Ake,16,1,1,18480
Dmitry_28_07_22,10,Ake,16,7,7,18480
Dmitry_28_07_22,10,Ake,16,7,7,18480
Dmitry_28_07_22,10,Ake,16,7,7,18480
Dmitry_28_07_22,10,Finger,17,1,1,29472
Dmitry_28_07_22,10,Finger,17,3,7,29472
Dmitry_28_07_22,10,Finger,17,2,7,29472
Dmitry_28_07_22,10,Finger,17,6,1,29472
Dmitry_28_07_22,10,Finger,17,1,1,29472
Dmitry_28_07_22,10,Finger,17,6,1,29472
Dmitry_28_07_22,10,Finger,17,1,7,29472
Daniil_28_07_2022,11,Ackee,15,2,1,32408
Daniil_28_07_2022,11,Ackee,15,4,7,32408
Daniil_28_07_2022,11,Ackee,15,3,1,32408
Daniil_28_07_2022,11,Ackee,15,6,7,32408
Daniil_28_07_2022,11,Ackee,15,3,1,32408
Daniil_28_07_2022,11,Ackee,15,3,1,32408
Daniil_28_07_2022,11,Ackee,15,7,7,32408
Daniil_28_07_2022,11,Gac,14,7,7,29063
Daniil_28_07_2022,11,Gac,14,7,7,29063
Daniil_28_07_2022,11,Gac,14,3,7,29063
Daniil_28_07_2022,11,Gac,14,1,1,29063
Daniil_28_07_2022,11,Gac,14,1,1,29063
Daniil_28_07_2022,11,Gac,14,7,1,29063
Daniil_28_07_2022,11,Gac,14,5,1,29063
Daniil_28_07_2022,11,ZF,14,7,7,25360
Daniil_28_07_2022,11,ZF,14,1,1,25360
Daniil_28_07_2022,11,ZF,14,7,7,25360
Daniil_28_07_2022,11,ZF,14,1,1,25360
Daniil_28_07_2022,11,ZF,14,1,1,25360
Daniil_28_07_2022,11,ZF,14,7,7,25360
Daniil_28_07_2022,11,ZF,14,1,1,25360
Daniil_28_07_2022,11,Noni,15,4,1,42800
Daniil_28_07_2022,11,Noni,15,1,1,42800
Daniil_28_07_2022,11,Noni,15,1,7,42800
Daniil_28_07_2022,11,Noni,15,2,1,42800
Daniil_28_07_2022,11,Noni,15,4,1,42800
Daniil_28_07_2022,11,Noni,15,7,7,42800
Daniil_28_07_2022,11,Noni,15,4,7,42800
Daniil_28_07_2022,11,Sapota,16,1,7,34919
Daniil_28_07_2022,11,Sapota,16,3,1,34919
Daniil_28_07_2022,11,Sapota,16,1,1,34919
Daniil_28_07_2022,11,Sapota,16,1,1,34919
Daniil_28_07_2022,11,Sapota,16,7,1,34919
Daniil_28_07_2022,11,Sapota,16,5,7,34919
Daniil_28_07_2022,11,Sapota,16,7,7,34919
Daniil_28_07_2022,11,Tamanid,17,1,7,27008
Daniil_28_07_2022,11,Tamanid,17,1,1,27008
Daniil_28_07_2022,11,Tamanid,17,7,7,27008
Daniil_28_07_2022,11,Tamanid,17,7,1,27008
Daniil_28_07_2022,11,Tamanid,17,7,7,27008
Daniil_28_07_2022,11,Tamanid,17,1,1,27008
Daniil_28_07_2022,11,Tamanid,17,3,1,27008
Daniil_28_07_2022,11,Ake,16,1,1,25448
Daniil_28_07_2022,11,Ake,16,1,1,25448
Daniil_28_07_2022,11,Ake,16,6,1,25448
Daniil_28_07_2022,11,Ake,16,1,1,25448
Daniil_28_07_2022,11,Ake,16,7,7,25448
Daniil_28_07_2022,11,Ake,16,1,7,25448
Daniil_28_07_2022,11,Ake,16,7,7,25448
Daniil_28_07_2022,11,Finger,17,1,1,32856
Daniil_28_07_2022,11,Finger,17,7,7,32856
Daniil_28_07_2022,11,Finger,17,7,7,32856
Daniil_28_07_2022,11,Finger,17,1,1,32856
Daniil_28_07_2022,11,Finger,17,1,1,32856
Daniil_28_07_2022,11,Finger,17,5,1,32856
Daniil_28_07_2022,11,Finger,17,7,7,32856
Ksenia_28_07_2022,12,Ackee,16,1,1,57032
Ksenia_28_07_2022,12,Ackee,16,5,7,57032
Ksenia_28_07_2022,12,Ackee,16,2,1,57032
Ksenia_28_07_2022,12,Ackee,16,4,7,57032
Ksenia_28_07_2022,12,Ackee,16,6,1,57032
Ksenia_28_07_2022,12,Ackee,16,1,1,57032
Ksenia_28_07_2022,12,Ackee,16,1,7,57032
Ksenia_28_07_2022,12,Gac,15,7,7,33592
Ksenia_28_07_2022,12,Gac,15,7,7,33592
Ksenia_28_07_2022,12,Gac,15,1,7,33592
Ksenia_28_07_2022,12,Gac,15,3,1,33592
Ksenia_28_07_2022,12,Gac,15,1,1,33592
Ksenia_28_07_2022,12,Gac,15,1,1,33592
Ksenia_28_07_2022,12,Gac,15,1,1,33592
Ksenia_28_07_2022,12,ZF,15,1,7,45191
Ksenia_28_07_2022,12,ZF,15,3,1,45191
Ksenia_28_07_2022,12,ZF,15,6,7,45191
Ksenia_28_07_2022,12,ZF,15,1,1,45191
Ksenia_28_07_2022,12,ZF,15,1,1,45191
Ksenia_28_07_2022,12,ZF,15,1,7,45191
Ksenia_28_07_2022,12,ZF,15,1,1,45191
Ksenia_28_07_2022,12,Noni,16,1,1,64336
Ksenia_28_07_2022,12,Noni,16,1,1,64336
Ksenia_28_07_2022,12,Noni,16,4,7,64336
Ksenia_28_07_2022,12,Noni,16,3,1,64336
Ksenia_28_07_2022,12,Noni,16,1,1,64336
Ksenia_28_07_2022,12,Noni,16,1,7,64336
Ksenia_28_07_2022,12,Noni,16,5,7,64336
Ksenia_28_07_2022,12,Sapota,17,1,7,55328
Ksenia_28_07_2022,12,Sapota,17,2,1,55328
Ksenia_28_07_2022,12,Sapota,17,1,1,55328
Ksenia_28_07_2022,12,Sapota,17,5,1,55328
Ksenia_28_07_2022,12,Sapota,17,5,1,55328
Ksenia_28_07_2022,12,Sapota,17,3,7,55328
Ksenia_28_07_2022,12,Sapota,17,2,7,55328
Ksenia_28_07_2022,12,Tamanid,14,4,7,63665
Ksenia_28_07_2022,12,Tamanid,14,1,1,63665
Ksenia_28_07_2022,12,Tamanid,14,1,7,63665
Ksenia_28_07_2022,12,Tamanid,14,1,1,63665
Ksenia_28_07_2022,12,Tamanid,14,6,7,63665
Ksenia_28_07_2022,12,Tamanid,14,1,1,63665
Ksenia_28_07_2022,12,Tamanid,14,1,1,63665
Ksenia_28_07_2022,12,Ake,17,1,1,23920
Ksenia_28_07_2022,12,Ake,17,1,1,23920
Ksenia_28_07_2022,12,Ake,17,7,1,23920
Ksenia_28_07_2022,12,Ake,17,2,1,23920
Ksenia_28_07_2022,12,Ake,17,1,7,23920
Ksenia_28_07_2022,12,Ake,17,1,7,23920
Ksenia_28_07_2022,12,Ake,17,1,7,23920
Ksenia_28_07_2022,12,Finger,14,1,1,55143
Ksenia_28_07_2022,12,Finger,14,5,7,55143
Ksenia_28_07_2022,12,Finger,14,1,7,55143
Ksenia_28_07_2022,12,Finger,14,1,1,55143
Ksenia_28_07_2022,12,Finger,14,2,1,55143
Ksenia_28_07_2022,12,Finger,14,1,1,55143
Ksenia_28_07_2022,12,Finger,14,7,7,55143
Alena_28_07_2022,13,Ackee,16,4,1,51537
Alena_28_07_2022,13,Ackee,16,7,7,51537
Alena_28_07_2022,13,Ackee,16,1,1,51537
Alena_28_07_2022,13,Ackee,16,7,7,51537
Alena_28_07_2022,13,Ackee,16,1,1,51537
Alena_28_07_2022,13,Ackee,16,1,1,51537
Alena_28_07_2022,13,Ackee,16,7,7,51537
Alena_28_07_2022,13,Gac,15,7,7,62672
Alena_28_07_2022,13,Gac,15,1,7,62672
Alena_28_07_2022,13,Gac,15,6,7,62672
Alena_28_07_2022,13,Gac,15,1,1,62672
Alena_28_07_2022,13,Gac,15,2,1,62672
Alena_28_07_2022,13,Gac,15,6,1,62672
Alena_28_07_2022,13,Gac,15,7,1,62672
Alena_28_07_2022,13,ZF,15,2,7,38823
Alena_28_07_2022,13,ZF,15,7,1,38823
Alena_28_07_2022,13,ZF,15,7,7,38823
Alena_28_07_2022,13,ZF,15,7,1,38823
Alena_28_07_2022,13,ZF,15,1,1,38823
Alena_28_07_2022,13,ZF,15,3,7,38823
Alena_28_07_2022,13,ZF,15,2,1,38823
Alena_28_07_2022,13,Noni,16,2,1,44519
Alena_28_07_2022,13,Noni,16,1,1,44519
Alena_28_07_2022,13,Noni,16,6,7,44519
Alena_28_07_2022,13,Noni,16,3,1,44519
Alena_28_07_2022,13,Noni,16,1,1,44519
Alena_28_07_2022,13,Noni,16,2,7,44519
Alena_28_07_2022,13,Noni,16,7,7,44519
Alena_28_07_2022,13,Sapota,17,1,7,38176
Alena_28_07_2022,13,Sapota,17,1,1,38176
Alena_28_07_2022,13,Sapota,17,1,1,38176
Alena_28_07_2022,13,Sapota,17,1,1,38176
Alena_28_07_2022,13,Sapota,17,1,1,38176
Alena_28_07_2022,13,Sapota,17,7,7,38176
Alena_28_07_2022,13,Sapota,17,7,7,38176
Alena_28_07_2022,13,Tamanid,14,1,7,33776
Alena_28_07_2022,13,Tamanid,14,1,1,33776
Alena_28_07_2022,13,Tamanid,14,1,7,33776
Alena_28_07_2022,13,Tamanid,14,7,1,33776
Alena_28_07_2022,13,Tamanid,14,3,7,33776
Alena_28_07_2022,13,Tamanid,14,1,1,33776
Alena_28_07_2022,13,Tamanid,14,1,1,33776
Alena_28_07_2022,13,Ake,17,2,1,41176
Alena_28_07_2022,13,Ake,17,1,1,41176
Alena_28_07_2022,13,Ake,17,4,1,41176
Alena_28_07_2022,13,Ake,17,3,1,41176
Alena_28_07_2022,13,Ake,17,7,7,41176
Alena_28_07_2022,13,Ake,17,1,7,41176
Alena_28_07_2022,13,Ake,17,7,7,41176
Alena_28_07_2022,13,Finger,14,1,1,28584
Alena_28_07_2022,13,Finger,14,7,7,28584
Alena_28_07_2022,13,Finger,14,7,7,28584
Alena_28_07_2022,13,Finger,14,1,1,28584
Alena_28_07_2022,13,Finger,14,1,1,28584
Alena_28_07_2022,13,Finger,14,1,1,28584
Alena_28_07_2022,13,Finger,14,7,7,28584
Vera_29_07_2022,14,Ackee,17,7,1,43277
Vera_29_07_2022,14,Ackee,17,1,7,43277
Vera_29_07_2022,14,Ackee,17,2,1,43277
Vera_29_07_2022,14,Ackee,17,3,7,43277
Vera_29_07_2022,14,Ackee,17,5,1,43277
Vera_29_07_2022,14,Ackee,17,1,1,43277
Vera_29_07_2022,14,Ackee,17,6,7,43277
Vera_29_07_2022,14,Gac,16,1,7,38843
Vera_29_07_2022,14,Gac,16,7,7,38843
Vera_29_07_2022,14,Gac,16,1,7,38843
Vera_29_07_2022,14,Gac,16,7,1,38843
Vera_29_07_2022,14,Gac,16,1,1,38843
Vera_29_07_2022,14,Gac,16,1,1,38843
Vera_29_07_2022,14,Gac,16,3,1,38843
Vera_29_07_2022,14,ZF,16,1,7,34072
Vera_29_07_2022,14,ZF,16,1,1,34072
Vera_29_07_2022,14,ZF,16,2,7,34072
Vera_29_07_2022,14,ZF,16,1,1,34072
Vera_29_07_2022,14,ZF,16,1,1,34072
Vera_29_07_2022,14,ZF,16,2,7,34072
Vera_29_07_2022,14,ZF,16,2,1,34072
Vera_29_07_2022,14,Noni,17,1,1,31320
Vera_29_07_2022,14,Noni,17,1,1,31320
Vera_29_07_2022,14,Noni,17,1,7,31320
Vera_29_07_2022,14,Noni,17,3,1,31320
Vera_29_07_2022,14,Noni,17,1,1,31320
Vera_29_07_2022,14,Noni,17,1,7,31320
Vera_29_07_2022,14,Noni,17,7,7,31320
Vera_29_07_2022,14,Sapota,14,1,7,29611
Vera_29_07_2022,14,Sapota,14,1,1,29611
Vera_29_07_2022,14,Sapota,14,1,1,29611
Vera_29_07_2022,14,Sapota,14,1,1,29611
Vera_29_07_2022,14,Sapota,14,1,1,29611
Vera_29_07_2022,14,Sapota,14,5,7,29611
Vera_29_07_2022,14,Sapota,14,7,7,29611
Vera_29_07_2022,14,Tamanid,15,4,7,28621
Vera_29_07_2022,14,Tamanid,15,1,1,28621
Vera_29_07_2022,14,Tamanid,15,1,7,28621
Vera_29_07_2022,14,Tamanid,15,4,1,28621
Vera_29_07_2022,14,Tamanid,15,2,7,28621
Vera_29_07_2022,14,Tamanid,15,1,1,28621
Vera_29_07_2022,14,Tamanid,15,1,1,28621
Vera_29_07_2022,14,Ake,14,1,1,39151
Vera_29_07_2022,14,Ake,14,4,1,39151
Vera_29_07_2022,14,Ake,14,5,1,39151
Vera_29_07_2022,14,Ake,14,2,1,39151
Vera_29_07_2022,14,Ake,14,1,7,39151
Vera_29_07_2022,14,Ake,14,7,7,39151
Vera_29_07_2022,14,Ake,14,2,7,39151
Vera_29_07_2022,14,Finger,15,1,1,54433
Vera_29_07_2022,14,Finger,15,4,7,54433
Vera_29_07_2022,14,Finger,15,1,7,54433
Vera_29_07_2022,14,Finger,15,1,1,54433
Vera_29_07_2022,14,Finger,15,1,1,54433
Vera_29_07_2022,14,Finger,15,1,1,54433
Vera_29_07_2022,14,Finger,15,6,7,54433
Margarita_29_07_2022,15,Ackee,17,2,1,27921
Margarita_29_07_2022,15,Ackee,17,1,7,27921
Margarita_29_07_2022,15,Ackee,17,2,1,27921
Margarita_29_07_2022,15,Ackee,17,5,7,27921
Margarita_29_07_2022,15,Ackee,17,1,1,27921
Margarita_29_07_2022,15,Ackee,17,1,1,27921
Margarita_29_07_2022,15,Ackee,17,7,7,27921
Margarita_29_07_2022,15,Gac,16,5,7,62966
Margarita_29_07_2022,15,Gac,16,6,7,62966
Margarita_29_07_2022,15,Gac,16,5,7,62966
Margarita_29_07_2022,15,Gac,16,2,1,62966
Margarita_29_07_2022,15,Gac,16,1,1,62966
Margarita_29_07_2022,15,Gac,16,6,1,62966
Margarita_29_07_2022,15,Gac,16,2,1,62966
Margarita_29_07_2022,15,ZF,16,7,7,27056
Margarita_29_07_2022,15,ZF,16,1,1,27056
Margarita_29_07_2022,15,ZF,16,1,7,27056
Margarita_29_07_2022,15,ZF,16,1,1,27056
Margarita_29_07_2022,15,ZF,16,1,1,27056
Margarita_29_07_2022,15,ZF,16,6,7,27056
Margarita_29_07_2022,15,ZF,16,6,1,27056
Margarita_29_07_2022,15,Noni,17,7,1,44024
Margarita_29_07_2022,15,Noni,17,1,1,44024
Margarita_29_07_2022,15,Noni,17,6,7,44024
Margarita_29_07_2022,15,Noni,17,1,1,44024
Margarita_29_07_2022,15,Noni,17,1,1,44024
Margarita_29_07_2022,15,Noni,17,1,7,44024
Margarita_29_07_2022,15,Noni,17,7,7,44024
Margarita_29_07_2022,15,Sapota,14,7,7,27136
Margarita_29_07_2022,15,Sapota,14,1,1,27136
Margarita_29_07_2022,15,Sapota,14,3,1,27136
Margarita_29_07_2022,15,Sapota,14,1,1,27136
Margarita_29_07_2022,15,Sapota,14,1,1,27136
Margarita_29_07_2022,15,Sapota,14,1,7,27136
Margarita_29_07_2022,15,Sapota,14,2,7,27136
Margarita_29_07_2022,15,Tamanid,15,1,7,36769
Margarita_29_07_2022,15,Tamanid,15,2,1,36769
Margarita_29_07_2022,15,Tamanid,15,7,7,36769
Margarita_29_07_2022,15,Tamanid,15,3,1,36769
Margarita_29_07_2022,15,Tamanid,15,7,7,36769
Margarita_29_07_2022,15,Tamanid,15,1,1,36769
Margarita_29_07_2022,15,Tamanid,15,1,1,36769
Margarita_29_07_2022,15,Ake,14,1,1,16239
Margarita_29_07_2022,15,Ake,14,1,1,16239
Margarita_29_07_2022,15,Ake,14,1,1,16239
Margarita_29_07_2022,15,Ake,14,1,1,16239
Margarita_29_07_2022,15,Ake,14,7,7,16239
Margarita_29_07_2022,15,Ake,14,7,7,16239
Margarita_29_07_2022,15,Ake,14,7,7,16239
Margarita_29_07_2022,15,Finger,15,1,1,44968
Margarita_29_07_2022,15,Finger,15,2,7,44968
Margarita_29_07_2022,15,Finger,15,2,7,44968
Margarita_29_07_2022,15,Finger,15,6,1,44968
Margarita_29_07_2022,15,Finger,15,2,1,44968
Margarita_29_07_2022,15,Finger,15,1,1,44968
Margarita_29_07_2022,15,Finger,15,5,7,44968
Aleksandra_29_07_2022,16,Ackee,14,3,1,146935
Aleksandra_29_07_2022,16,Ackee,14,2,7,146935
Aleksandra_29_07_2022,16,Ackee,14,3,1,146935
Aleksandra_29_07_2022,16,Ackee,14,5,7,146935
Aleksandra_29_07_2022,16,Ackee,14,1,1,146935
Aleksandra_29_07_2022,16,Ackee,14,1,1,146935
Aleksandra_29_07_2022,16,Ackee,14,7,7,146935
Aleksandra_29_07_2022,16,Gac,17,7,7,28511
Aleksandra_29_07_2022,16,Gac,17,6,7,28511
Aleksandra_29_07_2022,16,Gac,17,5,7,28511
Aleksandra_29_07_2022,16,Gac,17,1,1,28511
Aleksandra_29_07_2022,16,Gac,17,2,1,28511
Aleksandra_29_07_2022,16,Gac,17,2,1,28511
Aleksandra_29_07_2022,16,Gac,17,2,1,28511
Aleksandra_29_07_2022,16,ZF,17,7,7,35216
Aleksandra_29_07_2022,16,ZF,17,2,1,35216
Aleksandra_29_07_2022,16,ZF,17,3,7,35216
Aleksandra_29_07_2022,16,ZF,17,1,1,35216
Aleksandra_29_07_2022,16,ZF,17,1,1,35216
Aleksandra_29_07_2022,16,ZF,17,7,7,35216
Aleksandra_29_07_2022,16,ZF,17,7,1,35216
Aleksandra_29_07_2022,16,Noni,14,2,1,46880
Aleksandra_29_07_2022,16,Noni,14,1,1,46880
Aleksandra_29_07_2022,16,Noni,14,3,7,46880
Aleksandra_29_07_2022,16,Noni,14,4,1,46880
Aleksandra_29_07_2022,16,Noni,14,4,1,46880
Aleksandra_29_07_2022,16,Noni,14,1,7,46880
Aleksandra_29_07_2022,16,Noni,14,5,7,46880
Aleksandra_29_07_2022,16,Sapota,15,3,7,57352
Aleksandra_29_07_2022,16,Sapota,15,4,1,57352
Aleksandra_29_07_2022,16,Sapota,15,1,1,57352
Aleksandra_29_07_2022,16,Sapota,15,1,1,57352
Aleksandra_29_07_2022,16,Sapota,15,2,1,57352
Aleksandra_29_07_2022,16,Sapota,15,1,7,57352
Aleksandra_29_07_2022,16,Sapota,15,7,7,57352
Aleksandra_29_07_2022,16,Tamanid,16,2,7,56560
Aleksandra_29_07_2022,16,Tamanid,16,3,1,56560
Aleksandra_29_07_2022,16,Tamanid,16,5,7,56560
Aleksandra_29_07_2022,16,Tamanid,16,1,1,56560
Aleksandra_29_07_2022,16,Tamanid,16,7,7,56560
Aleksandra_29_07_2022,16,Tamanid,16,1,1,56560
Aleksandra_29_07_2022,16,Tamanid,16,1,1,56560
Aleksandra_29_07_2022,16,Ake,15,1,1,41255
Aleksandra_29_07_2022,16,Ake,15,4,1,41255
Aleksandra_29_07_2022,16,Ake,15,2,1,41255
Aleksandra_29_07_2022,16,Ake,15,2,1,41255
Aleksandra_29_07_2022,16,Ake,15,3,7,41255
Aleksandra_29_07_2022,16,Ake,15,4,7,41255
Aleksandra_29_07_2022,16,Ake,15,7,7,41255
Aleksandra_29_07_2022,16,Finger,16,7,1,40376
Aleksandra_29_07_2022,16,Finger,16,5,7,40376
Aleksandra_29_07_2022,16,Finger,16,1,7,40376
Aleksandra_29_07_2022,16,Finger,16,4,1,40376
Aleksandra_29_07_2022,16,Finger,16,1,1,40376
Aleksandra_29_07_2022,16,Finger,16,3,1,40376
Aleksandra_29_07_2022,16,Finger,16,6,7,40376
Alisa_01_08_2022,17,Ackee,14,1,1,54660
Alisa_01_08_2022,17,Ackee,14,6,7,54660
Alisa_01_08_2022,17,Ackee,14,3,1,54660
Alisa_01_08_2022,17,Ackee,14,3,7,54660
Alisa_01_08_2022,17,Ackee,14,2,1,54660
Alisa_01_08_2022,17,Ackee,14,2,1,54660
Alisa_01_08_2022,17,Ackee,14,5,7,54660
Alisa_01_08_2022,17,Gac,17,6,7,36805
Alisa_01_08_2022,17,Gac,17,4,7,36805
Alisa_01_08_2022,17,Gac,17,5,7,36805
Alisa_01_08_2022,17,Gac,17,1,1,36805
Alisa_01_08_2022,17,Gac,17,1,1,36805
Alisa_01_08_2022,17,Gac,17,3,1,36805
Alisa_01_08_2022,17,Gac,17,2,1,36805
Alisa_01_08_2022,17,ZF,17,2,7,44464
Alisa_01_08_2022,17,ZF,17,1,1,44464
Alisa_01_08_2022,17,ZF,17,2,7,44464
Alisa_01_08_2022,17,ZF,17,1,1,44464
Alisa_01_08_2022,17,ZF,17,1,1,44464
Alisa_01_08_2022,17,ZF,17,4,7,44464
Alisa_01_08_2022,17,ZF,17,3,1,44464
Alisa_01_08_2022,17,Noni,14,2,1,39320
Alisa_01_08_2022,17,Noni,14,1,1,39320
Alisa_01_08_2022,17,Noni,14,2,7,39320
Alisa_01_08_2022,17,Noni,14,2,1,39320
Alisa_01_08_2022,17,Noni,14,2,1,39320
Alisa_01_08_2022,17,Noni,14,1,7,39320
Alisa_01_08_2022,17,Noni,14,1,7,39320
Alisa_01_08_2022,17,Sapota,15,2,7,48489
Alisa_01_08_2022,17,Sapota,15,1,1,48489
Alisa_01_08_2022,17,Sapota,15,2,1,48489
Alisa_01_08_2022,17,Sapota,15,1,1,48489
Alisa_01_08_2022,17,Sapota,15,1,1,48489
Alisa_01_08_2022,17,Sapota,15,4,7,48489
Alisa_01_08_2022,17,Sapota,15,5,7,48489
Alisa_01_08_2022,17,Tamanid,16,5,7,45271
Alisa_01_08_2022,17,Tamanid,16,2,1,45271
Alisa_01_08_2022,17,Tamanid,16,2,7,45271
Alisa_01_08_2022,17,Tamanid,16,3,1,45271
Alisa_01_08_2022,17,Tamanid,16,7,7,45271
Alisa_01_08_2022,17,Tamanid,16,1,1,45271
Alisa_01_08_2022,17,Tamanid,16,1,1,45271
Alisa_01_08_2022,17,Ake,15,2,1,41488
Alisa_01_08_2022,17,Ake,15,1,1,41488
Alisa_01_08_2022,17,Ake,15,3,1,41488
Alisa_01_08_2022,17,Ake,15,2,1,41488
Alisa_01_08_2022,17,Ake,15,7,7,41488
Alisa_01_08_2022,17,Ake,15,6,7,41488
Alisa_01_08_2022,17,Ake,15,2,7,41488
Alisa_01_08_2022,17,Finger,16,1,1,39952
Alisa_01_08_2022,17,Finger,16,5,7,39952
Alisa_01_08_2022,17,Finger,16,4,7,39952
Alisa_01_08_2022,17,Finger,16,4,1,39952
Alisa_01_08_2022,17,Finger,16,1,1,39952
Alisa_01_08_2022,17,Finger,16,1,1,39952
Alisa_01_08_2022,17,Finger,16,1,7,39952
Alexandr_01_08_2022,18,Ackee,15,3,1,73264
Alexandr_01_08_2022,18,Ackee,15,4,7,73264
Alexandr_01_08_2022,18,Ackee,15,3,1,73264
Alexandr_01_08_2022,18,Ackee,15,5,7,73264
Alexandr_01_08_2022,18,Ackee,15,1,1,73264
Alexandr_01_08_2022,18,Ackee,15,1,1,73264
Alexandr_01_08_2022,18,Ackee,15,7,7,73264
Alexandr_01_08_2022,18,Gac,14,7,7,67536
Alexandr_01_08_2022,18,Gac,14,3,7,67536
Alexandr_01_08_2022,18,Gac,14,3,7,67536
Alexandr_01_08_2022,18,Gac,14,1,1,67536
Alexandr_01_08_2022,18,Gac,14,1,1,67536
Alexandr_01_08_2022,18,Gac,14,1,1,67536
Alexandr_01_08_2022,18,Gac,14,3,1,67536
Alexandr_01_08_2022,18,ZF,14,7,7,46872
Alexandr_01_08_2022,18,ZF,14,1,1,46872
Alexandr_01_08_2022,18,ZF,14,1,7,46872
Alexandr_01_08_2022,18,ZF,14,5,1,46872
Alexandr_01_08_2022,18,ZF,14,1,1,46872
Alexandr_01_08_2022,18,ZF,14,7,7,46872
Alexandr_01_08_2022,18,ZF,14,1,1,46872
Alexandr_01_08_2022,18,Noni,15,1,1,31080
Alexandr_01_08_2022,18,Noni,15,1,1,31080
Alexandr_01_08_2022,18,Noni,15,5,7,31080
Alexandr_01_08_2022,18,Noni,15,1,1,31080
Alexandr_01_08_2022,18,Noni,15,1,1,31080
Alexandr_01_08_2022,18,Noni,15,5,7,31080
Alexandr_01_08_2022,18,Noni,15,1,7,31080
Alexandr_01_08_2022,18,Sapota,16,1,7,45247
Alexandr_01_08_2022,18,Sapota,16,1,1,45247
Alexandr_01_08_2022,18,Sapota,16,3,1,45247
Alexandr_01_08_2022,18,Sapota,16,2,1,45247
Alexandr_01_08_2022,18,Sapota,16,1,1,45247
Alexandr_01_08_2022,18,Sapota,16,1,7,45247
Alexandr_01_08_2022,18,Sapota,16,3,7,45247
Alexandr_01_08_2022,18,Tamanid,17,3,7,66664
Alexandr_01_08_2022,18,Tamanid,17,1,1,66664
Alexandr_01_08_2022,18,Tamanid,17,2,7,66664
Alexandr_01_08_2022,18,Tamanid,17,4,1,66664
Alexandr_01_08_2022,18,Tamanid,17,1,7,66664
Alexandr_01_08_2022,18,Tamanid,17,1,1,66664
Alexandr_01_08_2022,18,Tamanid,17,1,1,66664
Alexandr_01_08_2022,18,Ake,16,1,1,52112
Alexandr_01_08_2022,18,Ake,16,1,1,52112
Alexandr_01_08_2022,18,Ake,16,3,1,52112
Alexandr_01_08_2022,18,Ake,16,1,1,52112
Alexandr_01_08_2022,18,Ake,16,7,7,52112
Alexandr_01_08_2022,18,Ake,16,1,7,52112
Alexandr_01_08_2022,18,Ake,16,1,7,52112
Alexandr_01_08_2022,18,Finger,17,1,1,19664
Alexandr_01_08_2022,18,Finger,17,1,7,19664
Alexandr_01_08_2022,18,Finger,17,1,7,19664
Alexandr_01_08_2022,18,Finger,17,1,1,19664
Alexandr_01_08_2022,18,Finger,17,1,1,19664
Alexandr_01_08_2022,18,Finger,17,1,1,19664
Alexandr_01_08_2022,18,Finger,17,7,7,19664
Pavel_01_08_2022,19,Ackee,15,1,1,40976
Pavel_01_08_2022,19,Ackee,15,7,7,40976
Pavel_01_08_2022,19,Ackee,15,2,1,40976
Pavel_01_08_2022,19,Ackee,15,4,7,40976
Pavel_01_08_2022,19,Ackee,15,1,1,40976
Pavel_01_08_2022,19,Ackee,15,2,1,40976
Pavel_01_08_2022,19,Ackee,15,7,7,40976
Pavel_01_08_2022,19,Gac,14,6,7,58471
Pavel_01_08_2022,19,Gac,14,3,7,58471
Pavel_01_08_2022,19,Gac,14,2,7,58471
Pavel_01_08_2022,19,Gac,14,1,1,58471
Pavel_01_08_2022,19,Gac,14,1,1,58471
Pavel_01_08_2022,19,Gac,14,7,1,58471
Pavel_01_08_2022,19,Gac,14,6,1,58471
Pavel_01_08_2022,19,ZF,14,7,7,37881
Pavel_01_08_2022,19,ZF,14,1,1,37881
Pavel_01_08_2022,19,ZF,14,3,7,37881
Pavel_01_08_2022,19,ZF,14,2,1,37881
Pavel_01_08_2022,19,ZF,14,1,1,37881
Pavel_01_08_2022,19,ZF,14,7,7,37881
Pavel_01_08_2022,19,ZF,14,5,1,37881
Pavel_01_08_2022,19,Noni,15,1,1,54240
Pavel_01_08_2022,19,Noni,15,1,1,54240
Pavel_01_08_2022,19,Noni,15,7,7,54240
Pavel_01_08_2022,19,Noni,15,6,1,54240
Pavel_01_08_2022,19,Noni,15,3,1,54240
Pavel_01_08_2022,19,Noni,15,7,7,54240
Pavel_01_08_2022,19,Noni,15,1,7,54240
Pavel_01_08_2022,19,Sapota,16,7,7,52208
Pavel_01_08_2022,19,Sapota,16,2,1,52208
Pavel_01_08_2022,19,Sapota,16,1,1,52208
Pavel_01_08_2022,19,Sapota,16,4,1,52208
Pavel_01_08_2022,19,Sapota,16,4,1,52208
Pavel_01_08_2022,19,Sapota,16,4,7,52208
Pavel_01_08_2022,19,Sapota,16,7,7,52208
Pavel_01_08_2022,19,Tamanid,17,4,7,65288
Pavel_01_08_2022,19,Tamanid,17,4,1,65288
Pavel_01_08_2022,19,Tamanid,17,4,7,65288
Pavel_01_08_2022,19,Tamanid,17,4,1,65288
Pavel_01_08_2022,19,Tamanid,17,4,7,65288
Pavel_01_08_2022,19,Tamanid,17,4,1,65288
Pavel_01_08_2022,19,Tamanid,17,4,1,65288
Pavel_01_08_2022,19,Ake,16,2,1,33279
Pavel_01_08_2022,19,Ake,16,6,1,33279
Pavel_01_08_2022,19,Ake,16,6,1,33279
Pavel_01_08_2022,19,Ake,16,7,1,33279
Pavel_01_08_2022,19,Ake,16,4,7,33279
Pavel_01_08_2022,19,Ake,16,7,7,33279
Pavel_01_08_2022,19,Ake,16,3,7,33279
Pavel_01_08_2022,19,Finger,17,5,1,66735
Pavel_01_08_2022,19,Finger,17,5,7,66735
Pavel_01_08_2022,19,Finger,17,7,7,66735
Pavel_01_08_2022,19,Finger,17,3,1,66735
Pavel_01_08_2022,19,Finger,17,1,1,66735
Pavel_01_08_2022,19,Finger,17,1,1,66735
Pavel_01_08_2022,19,Finger,17,7,7,66735
Maria_01_08_2022,20,Ackee,16,2,1,56328
Maria_01_08_2022,20,Ackee,16,5,7,56328
Maria_01_08_2022,20,Ackee,16,3,1,56328
Maria_01_08_2022,20,Ackee,16,4,7,56328
Maria_01_08_2022,20,Ackee,16,1,1,56328
Maria_01_08_2022,20,Ackee,16,3,1,56328
Maria_01_08_2022,20,Ackee,16,7,7,56328
Maria_01_08_2022,20,Gac,15,6,7,105119
Maria_01_08_2022,20,Gac,15,4,7,105119
Maria_01_08_2022,20,Gac,15,3,7,105119
Maria_01_08_2022,20,Gac,15,3,1,105119
Maria_01_08_2022,20,Gac,15,5,1,105119
Maria_01_08_2022,20,Gac,15,1,1,105119
Maria_01_08_2022,20,Gac,15,6,1,105119
Maria_01_08_2022,20,ZF,15,7,7,24008
Maria_01_08_2022,20,ZF,15,6,1,24008
Maria_01_08_2022,20,ZF,15,7,7,24008
Maria_01_08_2022,20,ZF,15,1,1,24008
Maria_01_08_2022,20,ZF,15,1,1,24008
Maria_01_08_2022,20,ZF,15,7,7,24008
Maria_01_08_2022,20,ZF,15,4,1,24008
Maria_01_08_2022,20,Noni,16,4,1,33096
Maria_01_08_2022,20,Noni,16,1,1,33096
Maria_01_08_2022,20,Noni,16,6,7,33096
Maria_01_08_2022,20,Noni,16,4,1,33096
Maria_01_08_2022,20,Noni,16,2,1,33096
Maria_01_08_2022,20,Noni,16,5,7,33096
Maria_01_08_2022,20,Noni,16,6,7,33096
Maria_01_08_2022,20,Sapota,17,1,7,113177
Maria_01_08_2022,20,Sapota,17,5,1,113177
Maria_01_08_2022,20,Sapota,17,3,1,113177
Maria_01_08_2022,20,Sapota,17,1,1,113177
Maria_01_08_2022,20,Sapota,17,1,1,113177
Maria_01_08_2022,20,Sapota,17,5,7,113177
Maria_01_08_2022,20,Sapota,17,6,7,113177
Maria_01_08_2022,20,Tamanid,14,3,7,33135
Maria_01_08_2022,20,Tamanid,14,2,1,33135
Maria_01_08_2022,20,Tamanid,14,5,7,33135
Maria_01_08_2022,20,Tamanid,14,2,1,33135
Maria_01_08_2022,20,Tamanid,14,7,7,33135
Maria_01_08_2022,20,Tamanid,14,1,1,33135
Maria_01_08_2022,20,Tamanid,14,1,1,33135
Maria_01_08_2022,20,Ake,17,2,1,27544
Maria_01_08_2022,20,Ake,17,2,1,27544
Maria_01_08_2022,20,Ake,17,6,1,27544
Maria_01_08_2022,20,Ake,17,2,1,27544
Maria_01_08_2022,20,Ake,17,7,7,27544
Maria_01_08_2022,20,Ake,17,3,7,27544
Maria_01_08_2022,20,Ake,17,1,7,27544
Maria_01_08_2022,20,Finger,14,1,1,65944
Maria_01_08_2022,20,Finger,14,6,7,65944
Maria_01_08_2022,20,Finger,14,6,7,65944
Maria_01_08_2022,20,Finger,14,2,1,65944
Maria_01_08_2022,20,Finger,14,2,1,65944
Maria_01_08_2022,20,Finger,14,2,1,65944
Maria_01_08_2022,20,Finger,14,7,7,65944
